stateid,year,gdp millions,gdpgrowth,population,net sales of gasoline,gross sales of gasoline,net sales of diesel oil,vehicles sales monthly (units),vehicles sales monthly (th $),vehicles sales yearly (units),vehicles sales yearly (th $),cpi,co2 total,co2 household,co2 industries,trans_exp_pc,unemp_rate,state
1,1999,"1,374,179",,30492106,36219491,37912424,12726671,132561,4071365,1590732,48856380,93.7,707403,127949,579454,,,Canada
1,2000,"1,445,398",0.0518,30783969,36375338,38176681,13179694,116162,3440493,1393944,41285916,96.7,731021,126505,604516,,6.9,Canada
1,2001,"1,470,999",0.0177,31129119,36552556,38126164,13336346,135801,4102396,1629612,49228752,97.4,720942,132566,588376,,8.1,Canada
1,2002,"1,515,277",0.0301,31451764,37949600,39205669,13737648,143312,4410106,1719744,52921272,101.1,724083,131952,592131,,7.6,Canada
1,2003,"1,542,578",0.018,31737869,38421608,39797315,14720634,112870,3650085,1354440,43801020,103.2,741472,132987,608485,,7.4,Canada
1,2004,"1,590,186",0.0309,32039959,38911752,40146013,15671144,117822,3856608,1413864,46279296,105.4,743522,134012,609510,,7.2,Canada
1,2005,"1,641,090",0.032,32353968,38484324,39845934,16216420,121408,4009693,1456896,48116316,107.6,730981,132397,598584,,6.6,Canada
1,2006,"1,684,145",0.0262,32680712,38653955,39918335,16611819,131157,4423928,1573884,53087136,109.4,721710,135266,586444,416.8,6.2,Canada
1,2007,"1,718,880",0.0206,33002138,39635182,40848495,17133467,122954,4159628,1475448,49915536,112,744498,135911,608587,507.6,6.1,Canada
1,2008,"1,736,086",0.01,33372418,39148560,40496036,16555321,97164,3188261,1165968,38259132,113.3,723562,136523,587039,505.1,6.9,Canada
1,2009,"1,684,881",-0.0295,33757077,39708461,41028454,16188394,113613,3805490,1363356,45665880,114.8,716994,137941,579052,465,8.5,Canada
1,2010,"1,736,820",0.0308,34131683,40101125,41452699,16778508,114376,4105026,1372512,49260312,117.5,733536,139832,593704,478.6,7.6,Canada
1,2011,"1,791,389",0.0314,34457998,40412210,42076411,17797512,117863,3974503,1414356,47694036,120.2,739943,144337,595606,467,7.5,Canada
1,2012,"1,822,808",0.0175,34836008,40444101,42032522,17455650,111881,3866028,1342572,46392336,121.2,745205,140681,604524,567.9,7.2,Canada
1,2013,"1,865,095",0.0232,35211866,41449632,42902507,17893224,115368,4166792,1384416,50001504,122.7,756067,145852,610215,637,7.3,Canada
1,2014,"1,918,419",0.0286,35559047,41418428,42651789,18118660,134829,5009469,1617948,60113628,124.5,757843,145403,612440,630.1,6.7,Canada
1,2015,"1,931,354",0.0067,35822894,42559552,44576655,17993880,132218,5126074,1586616,61512888,126.5,758091,142810,615281,680.1,7.3,Canada
1,2016,"1,952,608",0.011,36256107,42780095,45085270,17017242,128352,5268834,1540224,63226008,128.4,746759,141660,605099,731.9,7,Canada
1,2017,"2,010,894",0.0299,36712658,43616892,44931111,18016829,127734,5530452,1532808,66365424,130.8,747210,139084,608126,747.2,5.8,Canada
2,1999,"3,369",,40579,39260,50913,99851,,,,,94.8,,,,,,Northwest Territories
2,2000,"3,594",0.0668,40575,34431,43657,97082,,,,,96.3,,,,,,Northwest Territories
2,2001,"4,349",0.2101,41173,32936,39885,94313,,,,,97.2,,,,,,Northwest Territories
2,2002,"4,654",0.0701,41874,37654,42748,90190,,,,,102,,,,,,Northwest Territories
2,2003,"5,270",0.1324,42857,39699,48644,86890,,,,,103.2,,,,,,Northwest Territories
2,2004,"5,404",0.0254,43352,39955,50626,101291,,,,,105,,,,,,Northwest Territories
2,2005,"5,348",-0.0104,43526,37005,48608,133768,,,,,107.8,,,,,,Northwest Territories
2,2006,"5,354",0.0011,43197,37250,46724,113045,,,,,108.4,,,,2298.3,,Northwest Territories
2,2007,"5,841",0.091,43262,38855,47898,162327,,,,,111.9,,,,2286.7,,Northwest Territories
2,2008,"5,292",-0.094,43293,37312,46939,112391,,,,,115.4,,,,2891.8,,Northwest Territories
2,2009,"4,721",-0.1079,42924,38149,47289,86013,,,,,116.8,1450,174,1277,3841.9,,Northwest Territories
2,2010,"4,844",0.0261,43303,42959,49706,65588,,,,,119.2,1611,142,1470,8148.6,,Northwest Territories
2,2011,"4,408",-0.09,43593,42415,48129,104541,,,,,123.4,1687,170,1517,4832.9,,Northwest Territories
2,2012,"4,392",-0.0036,43681,40751,49061,93260,,,,,124.8,1799,148,1651,4697.2,,Northwest Territories
2,2013,"4,519",0.0289,43756,39618,49744,84550,,,,,126.6,1655,146,1509,5969.5,,Northwest Territories
2,2014,"4,732",0.0471,44064,38396,47355,95019,,,,,128.7,1804,159,1645,7920.8,,Northwest Territories
2,2015,"4,775",0.0091,44428,40193,47743,109688,,,,,130.6,1973,172,1801,7317.8,,Northwest Territories
2,2016,"4,827",0.0109,44556,45588,53776,125682,,,,,131.9,1865,141,1725,6917.8,,Northwest Territories
2,2017,"5,004",0.0367,45097,42568,53766,137931,,,,,135.1,,,,,,Northwest Territories
3,1999,"1,256",,26997,7591,7591,2461,,,,,,,,,,,Nunavut
3,2000,"1,309",0.0422,27683,9869,9869,2945,,,,,,,,,,,Nunavut
3,2001,"1,394",0.0649,28180,9482,9482,3331,,,,,,,,,,,Nunavut
3,2002,"1,425",0.0222,28864,10941,10941,4318,,,,,100,,,,,,Nunavut
3,2003,"1,424",-0.0007,29371,10809,10809,4323,,,,,100.5,,,,,,Nunavut
3,2004,"1,491",0.0471,29807,11478,11478,4906,,,,,102.2,,,,,,Nunavut
3,2005,"1,482",-0.006,30407,23367,23367,4682,,,,,103.6,,,,,,Nunavut
3,2006,"1,497",0.0101,30879,12016,12016,5188,,,,,105.7,,,,816.1,,Nunavut
3,2007,"1,619",0.0815,31560,17179,17179,6360,,,,,108.7,,,,1508.1,,Nunavut
3,2008,"1,851",0.1433,31963,17687,17687,5966,,,,,112.4,,,,1434,,Nunavut
3,2009,"1,722",-0.0697,32811,22992,22991,5248,,,,,111.3,454,32,422,1012.4,,Nunavut
3,2010,"2,040",0.1847,33570,12291,12291,7548,,,,,112.1,468,34,434,1193.3,,Nunavut
3,2011,"2,149",0.0534,34352,19332,19332,8533,,,,,114.2,473,36,438,1140.5,,Nunavut
3,2012,"2,198",0.0228,34842,34697,34697,10424,,,,,115.1,513,38,475,1714.2,,Nunavut
3,2013,"2,408",0.0955,35543,13903,13903,9168,,,,,116.2,663,42,621,3474,,Nunavut
3,2014,"2,378",-0.0125,36105,20655,20655,9266,,,,,117.9,663,68,595,2520.9,,Nunavut
3,2015,"2,372",-0.0025,36603,20283,20283,11474,,,,,120.8,592,79,513,3453.5,,Nunavut
3,2016,"2,463",0.0384,37041,25118,25118,19916,,,,,123.8,695,78,617,3687.2,,Nunavut
3,2017,"2,704",0.0978,37773,15507,15507,22994,,,,,126,,,,,,Nunavut
4,1999,"1,535",,30608,67853,70128,40410,,,,,,,,,,,Yukon
4,2000,"1,587",0.0339,30294,62121,63661,43621,,,,,,,,,,,Yukon
4,2001,"1,658",0.0447,30076,60731,62833,39127,,,,,,,,,,,Yukon
4,2002,"1,642",-0.0097,30266,64722,66682,41786,,,,,,,,,,,Yukon
4,2003,"1,624",-0.011,31218,63844,65787,37448,,,,,,,,,,,Yukon
4,2004,"1,705",0.0499,31689,62306,64264,41453,,,,,,,,,,,Yukon
4,2005,"1,741",0.0211,32128,61025,63290,44772,,,,,,,,,,,Yukon
4,2006,"1,827",0.0494,32361,61536,63839,43137,,,,,,,,,3360.7,,Yukon
4,2007,"1,918",0.0498,32662,60741,62816,43789,,,,,,,,,2948.6,,Yukon
4,2008,"2,112",0.1011,33306,62797,64950,46827,,,,,,,,,3231.6,,Yukon
4,2009,"2,252",0.0663,34025,67053,69738,50197,,,,,,587,141,446,3419.2,,Yukon
4,2010,"2,343",0.0404,34789,70133,71502,55958,,,,,,662,151,512,2865.2,,Yukon
4,2011,"2,460",0.0499,35668,71641,72336,63585,,,,,,709,155,554,2793.3,,Yukon
4,2012,"2,554",0.0382,36425,68821,69513,60227,,,,,,714,148,566,3135,,Yukon
4,2013,"2,591",0.0145,36448,63744,64190,52852,,,,,,638,147,490,3134.5,,Yukon
4,2014,"2,611",0.0077,37272,63621,64184,54899,,,,,,466,113,353,3701.5,,Yukon
4,2015,"2,405",-0.0789,37751,68507,68931,57247,,,,,,511,111,400,3679.3,,Yukon
4,2016,"2,571",0.069,38745,70766,71816,55802,,,,,,440,115,325,3429.1,,Yukon
4,2017,"2,651",0.0311,39781,72077,76438,54879,,,,,,,,,,,Yukon
5,1999,"158,156",,4021600,4489276,4668249,1208936,14350,461497,172200,5537964,94.7,68041,14709,53332,,,British Columbia
5,2000,"165,352",0.0455,4049297,4406399,4614710,1370074,14646,456218,175752,5474616,97,68957,14691,54266,,7.1,British Columbia
5,2001,"166,411",0.0064,4085648,4460565,4647147,1329901,15836,500780,190032,6009360,97.4,69759,14833,54926,,9.8,British Columbia
5,2002,"172,779",0.0383,4108400,4532446,4722426,1418915,16324,520565,195888,6246780,100.8,70359,14917,55442,,9.1,British Columbia
5,2003,"176,694",0.0227,4134638,4512548,4712238,1515135,14242,471844,170904,5662128,102.6,70854,14846,56008,,7.4,British Columbia
5,2004,"183,620",0.0392,4167810,4543450,4751290,1647352,15375,506908,184500,6082896,104.8,71042,14983,57314,,6.4,British Columbia
5,2005,"192,772",0.0498,4212666,4507834,4701388,1681135,15400,523614,184800,6283368,106.7,72297,15021,57276,,5,British Columbia
5,2006,"201,283",0.0442,4258655,4524469,4719356,1721635,17339,605857,208068,7270284,108.8,72627,15194,57433,583.5,5,British Columbia
5,2007,"207,527",0.031,4312042,4554406,4749604,1796611,16400,587130,196800,7045560,110.1,73041,15475,57566,632.2,4.1,British Columbia
5,2008,"209,033",0.0073,4371124,4467255,4619653,1714031,11258,385915,135096,4630980,111.4,73182,15234,57948,508.8,5.8,British Columbia
5,2009,"204,009",-0.024,4431576,4536112,4646008,1647876,13378,493356,160536,5920272,111.9,71849,14094,55003,520.5,8.3,British Columbia
5,2010,"209,721",0.028,4483609,4560666,4715626,1838578,12540,440868,150480,5290416,114.6,70617,13972,57420,595.2,7.3,British Columbia
5,2011,"216,095",0.0304,4525684,4537496,4741085,2221338,13014,455551,156168,5466612,116.5,70092,14151,57073,508.2,7.1,British Columbia
5,2012,"221,413",0.0246,4590545,4348707,4682115,1761637,13361,486176,160332,5834112,117,71126,14019,58780,519.4,6.7,British Columbia
5,2013,"226,325",0.0222,4658875,4336807,4504633,2145516,13283,502391,159396,6028692,117,71453,14514,59318,530.8,7,British Columbia
5,2014,"234,716",0.0371,4737725,4422297,4687564,1922523,16367,635698,196404,7628376,118.1,71862,14298,59657,489.6,5.4,British Columbia
5,2015,"239,722",0.0213,4802955,4656988,5481062,1852896,16388,683182,196656,8198184,120.4,72135,14539,59154,495.9,6.8,British Columbia
5,2016,"247,426",0.0321,4881391,4893207,5770067,1837722,16570,722601,198840,8671212,122.7,72492,15105,59091,503.7,5.8,British Columbia
5,2017,"256,875",0.0382,4945559,4935834,5182517,1910156,16167,751783,194004,9021396,125.2,73056,15026,58030,512.7,4.6,British Columbia
6,1999,"205,922",,2966682,4491300,4831000,1973800,16004,545576,192048,6546912,92.7,192934,16609,176325,,,Alberta
6,2000,"218,594",0.0615,3016947,4548300,4856800,2173500,15544,519267,186528,6231204,96.3,195671,16697,178974,,5,Alberta
6,2001,"222,168",0.0163,3078336,4646200,4959700,2293900,17465,564085,209580,6769020,95.4,197952,16804,181148,,5.3,Alberta
6,2002,"227,266",0.0229,3144926,4778900,5049100,2285900,18238,605102,218856,7261224,103.3,200319,16892,183427,,5.1,Alberta
6,2003,"235,136",0.0346,3197858,4770900,5065600,2496100,14835,523367,178020,6280404,104.6,202927,16921,186006,,4.8,Alberta
6,2004,"248,236",0.0557,3260590,4831900,5115800,2715800,17005,599328,204060,7191936,106.4,205823,17498,188325,,4.4,Alberta
6,2005,"259,194",0.0441,3346754,4884300,5146600,3008500,18795,693510,225540,8322120,109,209760,17256,192504,,4.2,Alberta
6,2006,"275,661",0.0635,3453944,5139600,5368100,3373400,21587,807343,259044,9688116,114.2,217813,17647,200166,406.3,3.5,Alberta
6,2007,"280,462",0.0174,3533413,5298000,5536200,3580000,20240,753783,242880,9045396,118.9,223419,18326,205093,548.5,3.5,Alberta
6,2008,"284,982",0.0161,3619292,5317300,5608400,3488800,15457,545191,185484,6542292,121.2,227115,18749,208366,643.9,4.6,Alberta
6,2009,"269,179",-0.0555,3694303,5350400,5569300,3632700,15874,566473,190488,6797676,121.9,235710,19310,216399,855.3,6.8,Alberta
6,2010,"282,552",0.0497,3747226,5410900,5618300,3629600,16272,708830,195264,8505960,122.9,243990,19052,224938,716.5,5.9,Alberta
6,2011,"300,775",0.0645,3807726,5774000,5973000,3863300,17965,697303,215580,8367636,126.5,248772,19123,229649,715.5,4.9,Alberta
6,2012,"312,481",0.0389,3900333,6001700,6221400,4054000,17845,706782,214140,8481384,126.5,259730,19638,240092,662.1,4.6,Alberta
6,2013,"330,321",0.0571,4010903,6199500,6369700,4204500,19262,785262,231144,9423144,129.1,271120,20901,250219,596.8,4.8,Alberta
6,2014,"349,746",0.0588,4106056,6401100,6566200,4461400,20366,871855,244392,10462260,131.5,275367,21525,253842,544.9,4.8,Alberta
6,2015,"336,776",-0.0371,4159519,6402500,6579700,4019200,15864,682800,190368,8193600,133.5,273719,19700,254019,592.5,7.2,Alberta
6,2016,"322,681",-0.0419,4210052,6297500,6467100,3525100,16403,741736,196836,8900832,134.9,268838,18509,250329,611.3,8.7,Alberta
6,2017,"336,773",0.0437,4262642,6368800,6554600,3862500,16477,776130,197724,9313560,137.6,266741,18645,248096,628.1,6.8,Alberta
7,1999,"59,928",,1012582,1366647,1617272,811645,3281,107894,39372,1294728,92.6,62197,5214,56983,,,Saskatchewan
7,2000,"61,487",0.026,1006027,1292393,1551799,833144,3016,99732,36192,1196784,96.3,64352,5480,58872,,5.2,Saskatchewan
7,2001,"60,971",-0.0084,999175,1054694,1572399,854377,3781,122614,45372,1471368,97.2,62836,5538,57298,,6.1,Saskatchewan
7,2002,"60,766",-0.0034,996279,1269309,1557924,819207,3995,131386,47940,1576632,101.4,64729,5628,59101,,6,Saskatchewan
7,2003,"63,541",0.0457,996555,1271865,1543043,856147,3534,120280,42408,1443360,102.7,66391,5612,60779,,5.7,Saskatchewan
7,2004,"66,588",0.048,996993,1227099,1501549,905789,3238,109645,38856,1315740,105.8,65427,5599,59828,,5.4,Saskatchewan
7,2005,"68,339",0.0263,993288,1176858,1513504,955799,3294,112380,39528,1348560,107.3,66379,5830,60549,,5.3,Saskatchewan
7,2006,"67,321",-0.0149,993361,1160399,1502063,1009216,3607,132327,43284,1587924,108.9,65639,5910,59729,349.2,4.3,Saskatchewan
7,2007,"69,812",0.037,1007323,1219892,1570195,1086998,4078,150887,48936,1810644,112.9,66573,5882,60691,436.2,4.1,Saskatchewan
7,2008,"73,481",0.0526,1022553,1254365,1608250,1191964,3432,122538,41184,1470456,115.8,67147,5967,61180,585.5,4.5,Saskatchewan
7,2009,"69,559",-0.0534,1039554,1354844,1696273,1172376,3621,130735,43452,1568820,117.1,68263,6025,62238,552.9,5,Saskatchewan
7,2010,"72,816",0.0468,1056115,1353666,1677169,1231752,3719,134165,44628,1609980,119.4,67447,6469,60978,567.2,5.4,Saskatchewan
7,2011,"76,658",0.0528,1070687,1414017,1726192,1390009,4272,158188,51264,1898256,122.4,66846,5535,61311,558.8,4.8,Saskatchewan
7,2012,"77,957",0.0169,1088959,1403561,1733074,1404366,4221,154820,50652,1857840,123.3,69105,6084,63020,533.6,4.7,Saskatchewan
7,2013,"83,060",0.0655,1103730,1532344,1818614,1356060,4068,159213,48816,1910556,126.1,71772,6559,65213,564.7,4.2,Saskatchewan
7,2014,"84,736",0.0202,1116203,1533884,1851356,1471550,4351,179034,52212,2148408,128.3,74646,6172,68475,616.6,4,Saskatchewan
7,2015,"83,966",-0.0091,1124919,1518898,1842055,1314643,3806,166318,45672,1995816,130.6,76766,6137,70629,695.4,5.7,Saskatchewan
7,2016,"83,663",-0.0036,1140773,1581651,1891523,1255995,3574,158337,42888,1900044,131.4,73652,6198,67454,702.4,6.7,Saskatchewan
7,2017,"85,536",0.0224,1155034,1730149,1874594,1439862,3732,169991,44784,2039892,135.9,74923,6176,68747,711.2,6.6,Saskatchewan
8,1999,"43,956",,1143618,1296423,1479682,457772,3710,118483,44520,1421796,94.6,17458,3187,14271,,,Manitoba
8,2000,"45,823",0.0425,1148183,1304807,1496909,459958,3326,105596,39912,1267152,97.4,17992,3054,14938,,5.3,Manitoba
8,2001,"46,305",0.0105,1152150,1322522,1499917,469804,3888,122913,46656,1474956,97.6,18331,3262,15069,,5,Manitoba
8,2002,"47,100",0.0172,1157298,1360651,1528499,486941,4311,140851,51732,1690212,101.3,18709,3329,15380,,5,Manitoba
8,2003,"47,726",0.0133,1165530,1363185,1536297,488185,3303,118104,39636,1417248,102,19651,3548,16103,,5.2,Manitoba
8,2004,"48,912",0.0249,1174675,1347594,1520802,525835,3438,115287,41256,1383444,105.5,19897,3459,16438,,5.2,Manitoba
8,2005,"50,279",0.0279,1179086,1328805,1497624,545585,3616,127864,43392,1534368,106.9,20241,3604,16637,,4.5,Manitoba
8,2006,"52,128",0.0368,1183981,1331046,1469050,560428,4039,144544,48468,1734528,108.7,20123,3664,16459,311.6,4.4,Manitoba
8,2007,"53,456",0.0255,1191690,1364554,1514653,692065,3785,126688,45420,1520256,110.9,19842,3884,15958,429.1,4.5,Manitoba
8,2008,"55,410",0.0366,1199548,1375752,1527789,737729,3317,109761,39804,1317132,113,19953,3791,16162,450.8,4.6,Manitoba
8,2009,"55,325",-0.0015,1211875,1412998,1572473,727478,3423,115358,41076,1384296,114.2,19612,3826,15786,546.4,5.7,Manitoba
8,2010,"56,676",0.0244,1224662,1422310,1586063,784956,3340,121609,40080,1459308,115.6,19347,4091,15256,482.5,5.4,Manitoba
8,2011,"58,032",0.0239,1238019,1444079,1607160,781078,3859,135106,46308,1621272,118.6,19126,3919,15207,470.7,5.5,Manitoba
8,2012,"59,781",0.0301,1254178,1478441,1586801,777907,3840,143460,46080,1721520,120.2,19423,4467,15956,480.3,5,Manitoba
8,2013,"61,514",0.029,1268428,1524455,1609000,788827,3530,130806,42360,1569672,122.7,19408,4684,16424,509.1,5.7,Manitoba
8,2014,"62,788",0.0207,1283366,1550600,1633533,814767,3914,151418,46968,1817016,124.5,19514,4684,16520,630.3,5.4,Manitoba
8,2015,"63,520",0.0117,1297329,1566091,1665760,794019,4195,175476,50340,2105712,126.4,20151,4269,16682,724.6,5.8,Manitoba
8,2016,"64,512",0.0156,1320057,1588529,1702545,774002,4013,167982,48156,2015784,127.8,20783,4436,16647,742.5,6.2,Manitoba
8,2017,"66,596",0.0323,1340776,1614445,1716933,799760,4341,185452,52092,2225424,131.5,21358,4598,16760,758.8,5.8,Manitoba
9,1999,"532,837",,11559464,13734980,14374872,4028500,56998,1747347,683976,20968164,93.4,151211,44983,106228,,,Ontario
9,2000,"566,593",0.0634,11748348,13868131,14553798,4335000,48643,1454915,583716,17458980,96.6,150314,45814,104500,,6.1,Ontario
9,2001,"576,870",0.0181,11961789,14342128,14520878,4355105,58560,1776501,702720,21318012,97.7,154457,46228,108229,,7.2,Ontario
9,2002,"596,353",0.0338,12146053,14943145,15135135,4561028,59743,1862947,716916,22355364,100.4,153881,48027,105854,,7,Ontario
9,2003,"603,060",0.0112,12291669,15381530,15549036,5029839,44856,1485436,538272,17825232,103.4,157642,47911,109731,,6.7,Ontario
9,2004,"620,035",0.0281,12437664,15505570,15693065,5303501,46200,1554574,554400,18654888,105.3,159153,48443,109199,,7.1,Ontario
9,2005,"639,979",0.0322,12578931,15338069,15576477,5430385,47889,1590512,574668,19086144,107.6,161234,49079,112155,,6.4,Ontario
9,2006,"651,929",0.0187,12700994,15268667,15507629,5384342,49781,1668903,597372,20026836,108.8,167185,48722,118463,322.7,6.2,Ontario
9,2007,"657,164",0.008,12807208,15702107,15840468,5380481,47060,1609319,564720,19311828,111.1,166573,50063,116510,395,6.8,Ontario
9,2008,"657,144",0,12927148,15443375,15667959,5132435,35481,1179535,425772,14154420,112.8,169442,51542,117900,315.9,7.5,Ontario
9,2009,"636,638",-0.0312,13047485,15699670,15849943,4760095,43360,1446979,520320,17363748,114.1,171422,51810,119611,193.3,9.2,Ontario
9,2010,"655,417",0.0295,13189339,15780676,15948319,4986523,43557,1576981,522684,18923772,117.9,181749,52951,128799,191.2,8.1,Ontario
9,2011,"671,204",0.0241,13308659,15613137,15966493,5020838,42477,1442319,509724,17307828,120.3,180906,55056,125850,198.3,7.6,Ontario
9,2012,"680,085",0.0132,13434943,15575798,15792909,5043892,41699,1411358,500388,16936296,121.3,176285,50979,125306,309.3,8,Ontario
9,2013,"689,448",0.0138,13558528,16410257,16656023,5171298,44769,1570311,537228,18843732,123.1,175242,54808,120434,318.2,7.8,Ontario
9,2014,"706,503",0.0247,13661314,15991007,16178215,4942571,54330,1974961,651960,23699532,125.4,172645,55004,117641,338.3,7.1,Ontario
9,2015,"723,856",0.0246,13757688,16261317,16513973,5432052,56970,2175037,683640,26100444,127.5,170578,53633,116945,385.4,6.8,Ontario
9,2016,"740,712",0.0233,13945524,16621660,16889889,5457061,53104,2156808,637248,25881696,130,166645,51906,114738,402.8,6.6,Ontario
9,2017,"761,305",0.0278,14153806,16669930,16892647,5461637,54276,2342730,651312,28112760,132,168522,52504,116018,417.4,5.7,Ontario
10,1999,"279,868",,7334722,7717499,7772208,3075109,29641,844629,355692,10135548,94.1,88435,27392,61043,,,Quebec
10,2000,"292,279",0.0443,7368772,7858795,7928068,2922047,23717,602303,284604,7227636,96.8,90052,27704,62348,,7.8,Quebec
10,2001,"297,283",0.0171,7411504,7621810,7735416,2899166,28236,790491,338832,9485892,97.9,90637,27512,63125,,9.5,Quebec
10,2002,"305,902",0.029,7455892,7885344,7976879,3002660,31452,885328,377424,10623936,101.3,90711,28367,62344,,8.4,Quebec
10,2003,"309,553",0.0119,7503709,7958452,8168659,3111707,24640,708033,295680,8496396,102.7,90562,28502,62060,,9.2,Quebec
10,2004,"317,272",0.0249,7553651,8309692,8366904,3293206,25474,763025,305688,9156300,105.2,91288,28633,62655,,8.6,Quebec
10,2005,"321,916",0.0146,7598887,8186886,8289887,3242833,25164,747225,301968,8966700,107.4,91974,29841,62133,,8.2,Quebec
10,2006,"325,701",0.0118,7653092,8159065,8230895,3193472,26812,824923,321744,9899076,108.7,92552,29452,63100,455.5,7.6,Quebec
10,2007,"333,619",0.0243,7713173,8361886,8441464,3176610,23786,703891,285432,8446692,111.1,93049,29771,63278,536.7,7,Quebec
10,2008,"340,079",0.0194,7786475,8191537,8287272,2929446,21582,651153,258984,7813836,111.7,94114,29883,64231,685.2,7.8,Quebec
10,2009,"337,242",-0.0083,7871361,8110994,8388442,2948481,25785,800826,309420,9609912,114,94280,30018,64262,585.2,8.5,Quebec
10,2010,"343,968",0.0199,7955007,8269968,8550071,2953111,27399,880018,328788,10560216,115.8,92398,30460,61938,627.9,7.3,Quebec
10,2011,"350,417",0.0187,8021860,8362093,8735461,3117994,28142,842049,337704,10104588,118.7,94066,31693,62373,654.8,8.7,Quebec
10,2012,"354,044",0.0104,8078388,8342269,8628479,3127333,23801,742557,285612,8910684,120.5,91998,31121,60878,875.7,7.4,Quebec
10,2013,"358,723",0.0132,8124660,8188958,8607609,2958876,23096,781313,277152,9375756,121.5,91667,31418,60250,1224.1,7.7,Quebec
10,2014,"364,320",0.0156,8165447,8217102,8342505,3207281,26524,893011,318288,10716132,122.8,89961,30948,59012,1166.3,7.4,Quebec
10,2015,"367,529",0.0088,8190014,8816261,9035470,3176703,26430,933669,317160,11204028,124.4,91532,31020,60512,1241.8,7.9,Quebec
10,2016,"372,690",0.014,8249071,8323117,8703110,2780097,26654,1023148,319848,12277776,125.2,90573,31706,58866,1342.2,6.7,Quebec
10,2017,"383,144",0.0281,8329664,8820509,9097393,3042434,25154,1005200,301848,12062400,127.5,90751,32184,58567,1407.3,5,Quebec
11,1999,"26,596",,750643,1053862,1059736,474232,3513,105175,42156,1262100,93.4,16866,2896,13970,,,New Brunswick
11,2000,"27,151",0.0209,750252,1019441,1047380,453306,2650,78832,31800,945984,96,17394,2881,14513,,9.9,New Brunswick
11,2001,"27,640",0.018,749295,1041519,1063630,409974,2953,86935,35436,1043220,96.4,17522,3098,14424,,11.3,New Brunswick
11,2002,"28,963",0.0479,749408,1065779,1078608,431026,3283,95301,39396,1143612,102.4,17926,3203,14723,,10.2,New Brunswick
11,2003,"29,686",0.025,749463,1027076,1054882,458788,2298,74226,27576,890712,102.9,18377,3194,15183,,9.5,New Brunswick
11,2004,"30,434",0.0252,749243,1024339,1040150,457890,2362,72879,28344,874548,105.6,18469,3269,15200,,9.2,New Brunswick
11,2005,"30,673",0.0079,747672,956802,979326,480374,2294,68405,27528,820860,108.3,18965,3307,15658,,9.4,New Brunswick
11,2006,"31,305",0.0206,744975,983830,1007062,466058,2695,83291,32340,999492,109.1,18783,3465,15318,574.8,8.4,New Brunswick
11,2007,"31,589",0.0091,746138,1033704,1059780,480268,2425,76268,29100,915216,111.9,19592,3352,16240,1241,8,New Brunswick
11,2008,"31,831",0.0077,747769,1012067,1055531,468689,2153,62710,25836,752520,111.2,19874,3489,16385,712.8,8.5,New Brunswick
11,2009,"31,372",-0.0144,751066,1086509,1116036,452303,2534,80994,30408,971928,114.5,20747,3660,17087,745.3,8.6,New Brunswick
11,2010,"31,993",0.0198,754287,1107484,1132432,478245,2483,81894,29796,982728,116.6,20026,3827,16199,834.2,9.5,New Brunswick
11,2011,"32,077",0.0026,756420,1068631,1102869,472237,2654,82550,31848,990600,120.4,20705,4409,16296,584.6,9.2,New Brunswick
11,2012,"31,722",-0.0111,758673,1070276,1111923,427456,2279,74015,27348,888180,121.2,18782,4175,14607,1189.9,10.2,New Brunswick
11,2013,"31,633",-0.0028,758670,1058603,1109314,370677,2275,78358,27300,940296,123.5,16781,3498,13283,518.6,10.2,New Brunswick
11,2014,"31,676",0.0014,759524,1054921,1107392,381275,2622,94407,31464,1132884,124.1,16115,3384,12730,544.4,10.3,New Brunswick
11,2015,"31,882",0.0065,759778,1088993,1154578,428083,2771,107431,33252,1289172,125.5,16357,3854,12503,671.4,9.1,New Brunswick
11,2016,"32,323",0.0138,764878,1100832,1183883,405455,2445,96572,29340,1158864,128.4,17627,4085,13542,706.3,9.2,New Brunswick
11,2017,"32,916",0.0183,768212,1128764,1179831,478696,2603,108827,31236,1305924,132.1,17909,4123,13786,724.8,7.6,New Brunswick
12,1999,"31,092",,935941,1157551,1168058,344394,3337,94792,40044,1137504,93.5,17257,4109,13148,,,Nova Scotia
12,2000,"32,016",0.0297,934459,1191306,1206114,352916,3049,82277,36588,987324,96.8,18696,4255,14441,,9.2,Nova Scotia
12,2001,"32,980",0.0301,933336,1179199,1206604,360323,3359,92694,40308,1112328,96.6,19549,4273,15276,,10.1,Nova Scotia
12,2002,"34,394",0.0429,935968,1202711,1216679,365077,3817,111547,45804,1338564,101.6,20878,4357,16521,,9.1,Nova Scotia
12,2003,"34,766",0.0108,938790,1214712,1220905,396459,3312,96648,39744,1159776,103.1,20459,4508,15951,,8.7,Nova Scotia
12,2004,"35,036",0.0078,939884,1208913,1214597,418771,3097,89873,37164,1078476,106.4,21492,4694,16798,,9.2,Nova Scotia
12,2005,"35,428",0.0112,938753,1188259,1194195,417863,3222,95819,38664,1149828,109.3,23274,4365,18909,,8.8,Nova Scotia
12,2006,"35,697",0.0076,937046,1192608,1194984,456929,3383,102115,40596,1225380,110.2,24971,4712,20259,424.2,7.5,Nova Scotia
12,2007,"36,142",0.0125,935379,1182790,1190856,435338,3269,95303,39228,1143636,113.6,22456,4857,17599,381.5,7.6,Nova Scotia
12,2008,"36,859",0.0198,937045,1157968,1164705,418907,2783,85410,33396,1024920,113.4,22632,4981,17651,435.5,8.3,Nova Scotia
12,2009,"36,984",0.0034,940501,1192779,1200587,407387,3439,104462,41268,1253544,116.3,23087,5181,17906,447.5,9.7,Nova Scotia
12,2010,"37,983",0.027,944179,1213016,1217768,424334,2844,91944,34128,1103328,119.4,22329,5406,16923,551.1,11.1,Nova Scotia
12,2011,"38,227",0.0064,945016,1197281,1205599,415427,3112,91877,37344,1102524,122.7,22722,6012,16710,637.4,8.1,Nova Scotia
12,2012,"37,835",-0.0103,943341,1174963,1203213,387458,2743,84070,32916,1008840,124.9,20915,5859,15056,638.6,10,Nova Scotia
12,2013,"37,697",-0.0036,940105,1182460,1187817,401030,2936,91403,35232,1096836,126.7,19699,5381,14318,662,9.1,Nova Scotia
12,2014,"38,066",0.0098,938972,1183836,1197193,401662,3537,116388,42444,1396656,127.4,18071,5076,12996,692.3,8.5,Nova Scotia
12,2015,"38,325",0.0068,938320,1200200,1228092,389215,3407,118088,40884,1417056,128.9,18069,5483,12586,691.5,8.7,Nova Scotia
12,2016,"38,895",0.0149,946103,1237405,1275784,384649,3230,116691,38760,1400292,130.6,17124,5328,11796,689.9,8.7,Nova Scotia
12,2017,"39,461",0.0146,954374,1252000,1283649,411252,3154,119806,37848,1437672,132.8,17542,5547,11995,701.5,8.2,Nova Scotia
13,1999,"4,419",,136424,209466,211631,43448,382,10475,4584,125700,92.9,,,,,,Prince Edward Island
13,2000,"4,536",0.0265,136400,205235,208380,44756,332,8641,3984,103692,96.4,,,,,11.9,Prince Edward Island
13,2001,"4,473",-0.0139,136876,200192,203095,44524,347,9359,4164,112308,96.7,,,,,13.3,Prince Edward Island
13,2002,"4,695",0.0496,137078,210701,213294,43554,384,10334,4608,124008,102.2,,,,,11,Prince Edward Island
13,2003,"4,783",0.0187,137425,206374,208876,47743,295,8906,3540,106872,103.6,,,,,10.3,Prince Edward Island
13,2004,"4,939",0.0326,137695,200296,201572,53785,362,9792,4344,117504,107.4,,,,,10.5,Prince Edward Island
13,2005,"5,110",0.0346,138130,207675,209866,46368,301,8406,3612,100872,110,,,,,11,Prince Edward Island
13,2006,"5,249",0.0272,137898,194312,195660,46265,348,9390,4176,112680,111.6,,,,668.3,12.3,Prince Edward Island
13,2007,"5,221",-0.0053,138026,196120,200511,46931,334,9549,4008,114588,114.7,,,,770.5,10.7,Prince Edward Island
13,2008,"5,280",0.0113,139465,194003,196645,43906,297,7357,3564,88284,114.7,,,,817.3,12.2,Prince Edward Island
13,2009,"5,298",0.0034,140611,201323,204522,58738,392,11610,4704,139320,118.1,2001,1078,923,885.9,10.6,Prince Edward Island
13,2010,"5,405",0.0202,142732,202006,205349,45768,354,9970,4248,119640,119.9,2055,1067,988,853,12.1,Prince Edward Island
13,2011,"5,519",0.0211,144378,204928,208674,48647,403,11959,4836,143508,123.4,2279,1214,1066,879.7,10.5,Prince Edward Island
13,2012,"5,572",0.0096,144520,203670,208586,40938,364,9945,4368,119340,124.9,2174,1153,1020,838.1,10.6,Prince Edward Island
13,2013,"5,673",0.0181,144103,198920,202122,37611,305,8962,3660,107544,128.6,1891,1034,857,748.8,11.4,Prince Edward Island
13,2014,"5,682",0.0016,144538,199500,201891,39880,504,15376,6048,184512,128.1,1878,992,885,785.8,11.4,Prince Edward Island
13,2015,"5,754",0.0127,144894,201838,207399,48447,505,17020,6060,204240,129.2,1865,949,916,812.3,9.7,Prince Edward Island
13,2016,"5,855",0.0176,147948,211439,215642,46616,524,18455,6288,221460,130.9,1971,986,986,826.7,10.1,Prince Edward Island
13,2017,"6,059",0.0348,151477,216552,220468,47583,438,16315,5256,195780,133.5,,,,,9.6,Prince Edward Island
14,1999,"22,127",,532246,587784,601082,166113,1345,35496,16140,425952,94.7,,,,,,Newfoundland and Labrador
14,2000,"23,315",0.0537,526732,574110,595545,186856,1239,32711,14868,392532,97.3,,,,,17.1,Newfoundland and Labrador
14,2001,"23,877",0.0241,521581,580576,605177,182501,1376,36022,16512,432264,96.7,,,,,16,Newfoundland and Labrador
14,2002,"27,744",0.162,519458,587295,606755,187045,1765,46745,21180,560940,101.5,,,,,17.3,Newfoundland and Labrador
14,2003,"29,564",0.0656,518786,600614,612540,191870,1555,43241,18660,518892,102.6,,,,,17.4,Newfoundland and Labrador
14,2004,"29,349",-0.0073,516906,599162,613916,201565,1271,35296,15252,423552,105.8,,,,,14.4,Newfoundland and Labrador
14,2005,"30,185",0.0285,513740,587439,601803,224357,1433,41958,17196,503496,107.9,,,,,15.7,Newfoundland and Labrador
14,2006,"31,384",0.0397,510329,589155,600955,238703,1566,45233,18792,542796,109.3,,,,549.3,14.1,Newfoundland and Labrador
14,2007,"34,910",0.1124,510262,604949,616872,245690,1577,46810,18924,561720,111.8,,,,597.8,12.7,Newfoundland and Labrador
14,2008,"34,385",-0.015,513437,617143,630257,264232,1404,38692,16848,464304,113.1,,,,797,13.6,Newfoundland and Labrador
14,2009,"30,928",-0.1005,518985,634637,644852,239501,1807,54696,21684,656352,115.2,10285,2592,7693,857.4,15.5,Newfoundland and Labrador
14,2010,"32,614",0.0545,522865,655049,668102,276546,1868,58748,22416,704976,118.1,10404,2553,7851,979.6,14.3,Newfoundland and Labrador
14,2011,"33,510",0.0275,525936,663160,670082,289985,1965,57600,23580,691200,121.9,10427,2866,7561,905.7,13.2,Newfoundland and Labrador
14,2012,"32,035",-0.044,527180,700449,710752,266750,1728,52846,20736,634152,123.5,9967,2850,7117,750.2,11.6,Newfoundland and Labrador
14,2013,"33,718",0.0525,528117,700063,709837,312260,1844,58772,22128,705264,126.6,9997,2720,7277,748.6,11.3,Newfoundland and Labrador
14,2014,"33,324",-0.0117,528461,741509,753748,316566,2314,77321,27768,927852,126.8,11068,2980,8089,812.3,11.2,Newfoundland and Labrador
14,2015,"32,920",-0.0121,528696,717483,731608,360213,1882,67054,22584,804648,128.6,11486,2865,8622,797.9,13.9,Newfoundland and Labrador
14,2016,"33,514",0.018,529968,783282,835017,349145,1835,66504,22020,798048,133.9,12051,3067,8984,809.6,14.9,Newfoundland and Labrador
14,2017,"33,811",0.0089,528463,749758,782768,347145,1392,54217,16704,650604,136.2,,,,,15.2,Newfoundland and Labrador
